event_id,pred_x,pred_y,pred_z
2092,0.463638,0.408585,-0.477274
7344,-1.627812,-0.343609,-2.370074
9482,-0.542040,-58.131805,1.999662
