event_id,azimuth,zenith
2092,0.722364,2.228424
7344,3.349625,2.529557
9482,4.703065,1.536413
